chrom1	pos1	chrom2	pos2	sv_type	read_support	features	orientation	pos1_flanking_coordinate	pos2_flanking_coordinate
chr1	125085488	chr7	61037351	interchromosomal	25	None	++	125085487	61037350
chr15	40561980	chr7	26201744	interchromosomal	3	None	--	40561981	26201745
chr15	40561990	chr7	26213350	interchromosomal	4	None	++	40561989	26213349
chr16	36197223	chr16	36197747	deletion-like	2	None	+-	36197222	36197748
chr3	89460366	chr7	62334069	interchromosomal	6	None	-+	89460367	62334068
chr7	60935728	chr16	36122301	interchromosomal	2	unknown	--	60935729	36122302
chr7	60932841	chr7	61025114	deletion-like	7	None	+-	60932840	61025115
chr7	60935309	chr7	61025159	deletion-like	6	ecDNA	+-	60935308	61025160
chr7	61021565	chr7	61025198	duplication-like	7	None	-+	61021566	61025197
chr7	60935713	chr7	61025963	duplication-like	3	None	-+	60935714	61025962
chr7	61026559	chr16	36124255	interchromosomal	4	ecDNA	--	61026560	36124256
chr7	60932634	chr7	61026713	duplication-like	3	ecDNA	-+	60932635	61026712
chr7	61026718	chr16	36124248	interchromosomal	2	None	++	61026717	36124247
chr7	61026857	chr16	36125011	interchromosomal	5	ecDNA	--	61026858	36125012
chr7	60932876	chr7	61027195	deletion-like	5	ecDNA	+-	60932875	61027196
chr7	61025304	chr7	61027225	deletion-like	3	ecDNA	+-	61025303	61027226
chr7	61025756	chr7	61029662	deletion-like	3	ecDNA	+-	61025755	61029663
chr7	60935456	chr7	61030715	deletion-like	6	None	+-	60935455	61030716
chr7	61036498	chr16	36122304	interchromosomal	3	None	-+	61036499	36122303
chr7	61036864	chr16	36122323	interchromosomal	5	None	+-	61036863	36122324
chr7	61037366	chr7	61047032	deletion-like	7	ecDNA	+-	61037365	61047033
chr7	61049681	chr16	36191906	interchromosomal	18	ecDNA	++	61049680	36191905
chr7	61050163	chr16	36191672	interchromosomal	14	None	--	61050164	36191673
chr7	61049682	chr7	61050212	deletion-like	3	None	+-	61049681	61050213
chr7	61053856	chr16	36185015	interchromosomal	3	None	++	61053855	36185014
chr7	60920546	chr7	61054716	inversion	2	None	--	60920547	61054717
chr7	61030715	chr7	61057101	inversion	2	None	--	61030716	61057102
chr7	60919342	chr7	61060284	inversion	2	unknown	++	60919341	61060283
chr7	62301125	chr16	36124470	interchromosomal	4	None	-+	62301126	36124469
chr7	62302314	chr16	36125675	interchromosomal	4	ecDNA	-+	62302315	36125674
chr7	61026021	chr7	62302597	inversion	8	ecDNA	++	61026020	62302596
chr7	60920305	chr7	62308390	inversion	9	None	--	60920306	62308391
chr7	61046432	chr7	62308424	duplication-like	8	None	-+	61046433	62308423
chr7	62308533	chr16	36176665	interchromosomal	2	None	++	62308532	36176664
chr7	62308636	chr16	36176524	interchromosomal	3	None	--	62308637	36176525
chr7	60919428	chr7	62308676	inversion	9	None	--	60919429	62308677
chr7	61055407	chr7	62308911	deletion-like	2	ecDNA	+-	61055406	62308912
chr7	61055839	chr7	62309444	duplication-like	9	None	-+	61055840	62309443
chr7	61032862	chr7	62336467	duplication-like	4	ecDNA	-+	61032863	62336466
chr7	61050746	chr7	62341516	deletion-like	15	None	+-	61050745	62341517
chr7	61050851	chr7	62341980	duplication-like	8	ecDNA	-+	61050852	62341979
chr7	61052257	chr7	62342806	deletion-like	3	ecDNA	+-	61052256	62342807
chr7	61053520	chr7	62343485	deletion-like	3	ecDNA	+-	61053519	62343486
chr7	61053091	chr7	62344141	duplication-like	10	ecDNA	-+	61053092	62344140
chr7	62343424	chr7	62344956	deletion-like	6	None	+-	62343423	62344957
chr8	127149092	chr8	127149833	deletion-like	2	ecDNA	+-	127149091	127149834
chr8	127238971	chr8	127239485	deletion-like	4	ecDNA	+-	127238970	127239486
chr8	127246997	chr8	127246997	foldback	4	ecDNA	--	127246998	127246998
chr8	127270116	chr8	127270857	deletion-like	2	ecDNA	+-	127270115	127270858
chr8	127454524	chr8	127455142	deletion-like	2	ecDNA	+-	127454523	127455143
chr8	127484137	chr8	127484738	deletion-like	2	ecDNA	+-	127484136	127484739
chr8	127487611	chr7	26222610	interchromosomal	3	None	++	127487610	26222609
chr8	127542096	chr8	127542609	deletion-like	2	ecDNA	+-	127542095	127542610
chr8	127554857	chr8	127555652	deletion-like	2	ecDNA	+-	127554856	127555653
chr8	127568632	chr8	127568632	foldback	6	ecDNA	--	127568633	127568633
chr8	127622232	chr8	127622740	deletion-like	2	ecDNA	+-	127622231	127622741
chr8	127686840	chr8	127687431	duplication-like	5	ecDNA	-+	127686841	127687430
chr8	127721313	chr8	127721855	deletion-like	2	ecDNA	+-	127721312	127721856
chr8	127728104	chr8	127728750	deletion-like	3	ecDNA	+-	127728103	127728751
chr8	127737710	chr8	127738419	deletion-like	2	ecDNA	+-	127737709	127738420
chr8	127757972	chr8	127758479	deletion-like	2	ecDNA	+-	127757971	127758480
chr8	127787491	chr8	127788056	deletion-like	2	ecDNA	+-	127787490	127788057
chr8	127865817	chr8	127866403	deletion-like	2	ecDNA	+-	127865816	127866404
chr8	127900107	chr8	127900608	deletion-like	2	ecDNA	+-	127900106	127900609
chr8	127948961	chr8	127948961	foldback	4	ecDNA	++	127948960	127948960
chr8	127955142	chr8	127955686	deletion-like	3	ecDNA	+-	127955141	127955687
chr8	128003179	chr8	128003179	foldback	4	ecDNA	--	128003180	128003180
chr8	128091194	chr8	128091194	foldback	3	ecDNA	--	128091195	128091195
chr8	128110420	chr8	128110420	foldback	3	ecDNA	--	128110421	128110421
chr8	128199278	chr7	61039756	interchromosomal	3	None	+-	128199277	61039757
chr8	128208120	chr8	128208649	deletion-like	2	ecDNA	+-	128208119	128208650
chr8	128209619	chr8	128210314	duplication-like	8	ecDNA	-+	128209620	128210313
chr8	128323782	chr8	128324424	deletion-like	2	ecDNA	+-	128323781	128324425
chr8	128379297	chr8	128379297	foldback	3	ecDNA	--	128379298	128379298
chr8	128384513	chr8	128385018	deletion-like	2	ecDNA	+-	128384512	128385019
chr8	128397336	chr8	128397946	deletion-like	2	ecDNA	+-	128397335	128397947
chr8	128452921	chr8	128459020	deletion-like	19	ecDNA	+-	128452920	128459021
chr8	128526472	chr8	128527033	deletion-like	2	ecDNA	+-	128526471	128527034
chr8	128576414	chr8	128577094	duplication-like	5	ecDNA	-+	128576415	128577093
chr8	128720591	chr8	128721137	deletion-like	2	ecDNA	+-	128720590	128721138
chr8	128725228	chr8	128725758	deletion-like	2	ecDNA	+-	128725227	128725759
chr8	128751029	chr8	128751535	deletion-like	4	ecDNA	+-	128751028	128751536
chr8	128752859	chr8	128753373	deletion-like	3	ecDNA	+-	128752858	128753374
chr8	128870383	chr8	128871738	duplication-like	11	ecDNA	-+	128870384	128871737
chr8	129017468	chr8	129018064	deletion-like	2	ecDNA	+-	129017467	129018065
chr8	129066422	chr8	129067015	deletion-like	2	ecDNA	+-	129066421	129067016
chr8	129125696	chr8	129126274	deletion-like	2	ecDNA	+-	129125695	129126275
chr8	127080707	chr8	129221495	duplication-like	15	ecDNA	-+	127080708	129221494
chr8	129279799	chr8	129280475	deletion-like	2	None	+-	129279798	129280476
