,index,Ratio
0,0,1615
1,1,1230
2,2,648
3,3,1985
4,4,1251
5,5,1607
6,6,1192
7,7,7178
8,8,486
9,9,4401
10,10,2732
11,11,2742
12,12,2254
13,13,2288
14,14,3761
15,15,1459
16,16,2966
17,17,941
18,18,4999
19,19,1420
20,20,3210
21,21,2096
22,22,5415
23,23,2029
24,24,2196
25,25,1938
26,26,1398
27,27,574
28,28,612
29,29,1711
30,30,3537
31,31,1592
32,32,3642
33,33,531
34,34,4396
35,35,1051
36,36,12310
37,37,3709
38,38,1153
39,39,1064
40,40,292
41,41,3790
42,42,3652
43,43,1882
44,44,1744
45,45,3690
46,46,803
47,47,1120
48,48,301
49,49,385
50,50,3118
51,51,2369
52,52,2024
53,53,4903
54,54,1398
55,55,1116
56,56,974
57,57,2552
58,58,330
59,59,277
60,60,2789
61,61,1032
62,62,1486
63,63,952
64,64,2739
65,65,3790
66,66,2046
67,67,1315
68,68,6350
69,69,676
70,70,591
71,71,1123
72,72,11495
73,73,2019
74,74,743
75,75,2290
76,76,746
77,77,1451
78,78,4716
79,79,2230
80,80,911
81,81,2148
82,82,1533
83,83,1378
84,84,3340
85,85,1312
86,86,562
87,87,4047
88,88,1853
89,89,4664
90,90,3878
91,91,2402
92,92,4356
93,93,2142
94,94,920
95,95,2642
96,96,285
97,97,2638
98,98,977
99,99,3072
100,100,1459
101,101,857
102,102,4003
103,103,383
104,104,743
105,105,3879
106,106,1787
107,107,3180
108,108,1237
109,109,3168
110,110,677
111,111,696
112,112,1416
113,113,1369
114,114,2676
115,115,756
116,116,4561
117,117,4171
118,118,4325
119,119,4630
120,120,1915
121,121,708
122,122,449
123,123,1909
124,124,4684
125,125,2574
126,126,624
127,127,3295
128,128,6029
129,129,5002
130,130,1583
131,131,1622
132,132,3474
133,133,2076
134,134,2773
135,135,3218
136,136,834
137,137,1176
138,138,393
139,139,2945
140,140,1269
141,141,881
142,142,293
143,143,998
144,144,2246
145,145,1225
146,146,1839
147,147,1534
148,148,3585
149,149,1493
150,150,3811
151,151,1690
152,152,1986
153,153,2913
154,154,906
155,155,1794
156,156,3181
157,157,2665
158,158,990
159,159,5032
160,160,3062
161,161,638
162,162,357
163,163,2783
164,164,281
165,165,2494
166,166,786
167,167,3756
168,168,1022
169,169,3815
170,170,4191
171,171,579
172,172,714
173,173,1437
174,174,1239
175,175,946
176,176,1702
177,177,2604
178,178,284
179,179,1358
180,180,1739
181,181,357
182,182,2150
183,183,1837
184,184,344
185,185,1956
186,186,545
187,187,451
188,188,1905
189,189,4061
190,190,1040
191,191,2071
192,192,7397
193,193,1088
194,194,1351
195,195,3536
196,196,380
197,197,8466
198,198,3774
199,199,1182
200,200,1158
201,201,2607
202,202,2734
203,203,1923
204,204,2550
205,205,1014
206,206,4343
207,207,2184
208,208,2645
209,209,2447
210,210,2179
211,211,363
212,212,2996
213,213,1470
214,214,408
215,215,1265
216,216,3772
217,217,1426
218,218,2556
219,219,2505
220,220,1080
221,221,344
222,222,1745
223,223,10600
224,224,1824
225,225,870
226,226,1462
227,227,1208
228,228,260
229,229,2236
230,230,892
231,231,381
232,232,1289
233,233,351
234,234,2126
235,235,2003
236,236,697
237,237,2581
238,238,3056
239,239,1122
240,240,860
241,241,826
242,242,749
243,243,2548
244,244,350
245,245,2060
246,246,952
247,247,1544
248,248,296
249,249,4376
250,250,338
251,251,3459
252,252,1584
253,253,1756
254,254,811
255,255,871
256,256,2775
257,257,4860
258,258,2843
259,259,1664
260,260,5150
261,261,2046
262,262,1280
263,263,1473
264,264,2022
265,265,2198
266,266,1232
267,267,9604
268,268,2287
269,269,3401
270,270,1001
271,271,1308
272,272,1926
273,273,2004
274,274,1376
275,275,2459
276,276,299
277,277,8380
278,278,1225
279,279,980
280,280,731
281,281,2188
282,282,3007
283,283,1227
284,284,983
285,285,792
286,286,2373
287,287,2342
288,288,922
289,289,893
290,290,2086
291,291,418
292,292,2480
293,293,1357
294,294,1204
295,295,1898
296,296,4082
297,297,2405
298,298,1567
299,299,865
300,300,2580
301,301,3813
302,302,559
303,303,2050
304,304,533
305,305,1538
306,306,1126
307,307,1905
308,308,734
309,309,7267
310,310,842
311,311,2043
312,312,1342
313,313,1257
314,314,237
315,315,5851
316,316,962
317,317,1321
318,318,3357
319,319,2083
320,320,278
321,321,2821
322,322,563
323,323,756
324,324,1258
325,325,3349
326,326,2493
327,327,1208
328,328,2107
329,329,3991
330,330,274
331,331,1375
332,332,769
333,333,1243
334,334,3375
335,335,2901
336,336,699
337,337,2249
338,338,2062
339,339,2909
340,340,3375
341,341,901
342,342,2323
343,343,2885
344,344,485
345,345,336
346,346,367
347,347,1616
348,348,853
349,349,1217
350,350,2137
351,351,928
352,352,11864
353,353,1569
354,354,4362
355,355,1022
356,356,730
357,357,2463
358,358,15491
359,359,287
360,360,497
361,361,1149
362,362,1215
363,363,322
364,364,2596
365,365,1800
366,366,834
367,367,1742
368,368,482
369,369,823
370,370,2370
371,371,1601
372,372,829
373,373,1990
374,374,404
375,375,2417
376,376,1721
377,377,2294
378,378,1677
379,379,3709
380,380,2243
381,381,1520
382,382,978
383,383,1834
384,384,4380
385,385,9742
386,386,4711
387,387,1751
388,388,1958
389,389,3991
390,390,1406
391,391,329
392,392,775
393,393,2120
394,394,1695
395,395,993
396,396,1758
397,397,223
398,398,4253
399,399,7881
400,400,5338
401,401,1328
402,402,1922
403,403,3172
404,404,2966
405,405,1262
406,406,1683
407,407,1970
408,408,9672
409,409,1787
410,410,3013
411,411,1836
412,412,299
413,413,3627
414,414,1739
415,415,5985
416,416,2709
417,417,1966
418,418,2101
419,419,1584
420,420,3150
421,421,701
422,422,1324
423,423,2256
424,424,1807
425,425,2553
426,426,1822
427,427,2058
428,428,2568
429,429,1033
430,430,237
431,431,1304
432,432,1205
433,433,3964
434,434,331
435,435,1023
436,436,769
437,437,1649
438,438,2786
439,439,388
440,440,2778
441,441,1852
442,442,2484
443,443,5073
444,444,1309
445,445,1964
446,446,1418
447,447,2595
448,448,1244
449,449,689
450,450,590
451,451,3164
452,452,5747
453,453,5249
454,454,824
455,455,3307
456,456,1349
457,457,353
458,458,2206
459,459,2589
460,460,2284
461,461,2082
462,462,8479
463,463,550
464,464,3488
465,465,3318
466,466,280
467,467,1081
468,468,1528
469,469,3462
470,470,397
471,471,777
472,472,1067
473,473,593
474,474,1262
475,475,3016
476,476,2401
477,477,2061
478,479,603
479,480,1196
480,481,2005
481,482,1385
482,483,284
483,484,1345
484,485,2853
485,486,5014
486,487,3971
487,488,2957
488,489,1843
489,490,3319
490,491,1535
491,492,2634
492,493,1531
493,494,5507
494,495,911
495,496,2260
496,497,1176
497,498,1218
498,499,698
499,500,3594
500,501,451
501,502,2390
502,503,2449
503,504,3256
504,505,531
505,506,2469
506,507,2360
507,508,554
508,509,1693
509,510,2573
510,511,1619
511,512,256
512,513,2610
513,514,5741
514,515,1343
515,516,1574
516,517,284
517,518,2041
518,519,4486
519,520,4275
520,521,3069
521,522,3043
522,523,382
523,524,4374
524,525,2976
525,526,1801
526,527,2584
527,528,2626
528,529,2910
529,530,914
530,531,1273
531,532,440
532,533,1848
533,534,2601
534,535,827
535,536,526
536,537,4380
537,538,1011
538,539,743
539,540,864
540,541,725
541,542,3041
542,543,4936
543,544,5897
544,545,2600
545,546,818
546,547,2421
547,548,2746
548,549,1178
549,550,1249
550,551,2035
551,552,2173
552,553,868
553,554,885
554,555,1658
555,556,1672
556,557,1775
557,558,3288
558,559,368
559,560,7113
560,561,2315
561,562,1297
562,563,3625
563,564,1424
564,565,995
565,566,1138
566,567,2619
567,568,2509
568,569,1730
569,570,7507
570,571,1969
571,572,1804
572,573,2686
573,574,3502
574,575,1932
575,576,1291
576,577,1349
577,578,2321
578,579,2183
579,580,802
580,581,5633
581,582,1519
582,583,505
583,584,2694
584,585,504
585,586,455
586,587,239
587,588,2007
588,589,3145
589,590,366
590,591,451
591,592,4355
592,593,1664
593,594,1098
594,595,1457
595,596,1637
596,597,2376
597,598,4604
598,599,390
599,600,1461
600,601,1828
601,602,1660
602,603,1506
603,604,893
604,605,3329
605,606,1370
606,607,857
607,608,1446
608,609,1525
609,610,1936
610,611,1264
611,612,547
612,613,3110
613,614,5270
614,615,1419
615,616,2853
616,617,1362
617,618,1008
618,619,3822
619,620,1546
620,621,3149
621,622,2553
622,623,1560
623,624,3230
624,625,2538
625,626,3574
626,627,1316
627,628,2365
628,629,787
629,630,1204
630,631,741
631,632,1592
632,633,604
633,634,499
634,635,1652
635,636,1736
636,637,1908
637,638,1283
638,639,706
639,640,3103
640,641,2052
641,642,2496
642,643,2034
643,644,2106
644,645,2528
645,646,3599
646,647,2191
647,648,4031
648,649,1045
649,650,1637
650,651,1370
651,652,364
652,653,2096
653,654,338
654,655,1773
655,656,4360
656,657,879
657,658,1574
658,659,518
659,660,517
660,661,1422
661,662,7327
662,663,249
663,664,1023
664,665,315
665,666,994
666,667,1589
667,668,1401
668,669,467
669,670,1059
670,671,1636
671,672,2111
672,673,983
673,674,4314
674,675,2374
675,676,5835
676,677,8968
677,678,1139
678,679,1829
679,680,3090
680,681,1258
681,682,1685
682,683,5576
683,684,4211
684,685,407
685,686,1088
686,687,373
687,688,298
688,689,1372
689,690,1454
690,691,1791
691,692,779
692,693,351
693,694,1533
694,695,336
695,696,2091
696,697,294
697,698,1449
698,699,359
699,700,257
700,701,629
701,702,266
702,703,3517
703,704,8363
704,705,1153
705,706,1162
706,707,2108
707,708,2667
708,709,1844
709,710,1601
710,711,1905
711,712,1472
712,713,255
713,714,226
714,715,968
715,716,1326
716,717,468
717,718,1858
718,719,1910
719,720,710
720,721,957
721,722,2873
722,723,1623
723,724,558
724,725,410
725,726,974
726,727,2690
727,728,200
728,729,2405
729,730,3248
730,731,376
731,732,3386
732,733,417
733,734,1197
734,735,1429
735,736,2680
736,737,380
737,738,1392
738,739,1172
739,740,1165
740,741,1827
741,742,1017
742,743,1131
743,744,3245
744,745,459
745,746,1003
746,747,380
747,748,942
748,749,650
749,750,1126
750,751,751
751,752,4325
752,753,575
753,754,642
754,755,1995
755,756,3828
756,757,1092
757,758,844
758,759,641
759,760,1000
760,761,217
761,762,1991
762,763,674
763,764,1957
764,765,3510
765,766,1134
766,767,775
767,768,218
768,769,1182
769,770,899
770,771,555
771,772,1291
772,773,1664
773,774,1124
774,775,1677
775,776,1776
776,777,750
777,778,2062
778,779,2973
779,780,726
780,781,1037
781,782,1120
782,783,14653
783,784,1898
784,785,1194
785,786,1613
786,787,2866
787,788,3020
788,789,734
789,790,960
790,791,311
791,792,4901
792,793,408
793,794,2434
794,795,354
795,796,1652
796,797,735
797,798,3775
798,799,708
799,800,651
800,801,1891
801,802,1029
802,803,1159
803,804,993
804,805,369
805,806,1602
806,807,679
807,808,314
808,809,1214
809,810,1785
810,811,989
811,812,201
812,813,3378
813,814,522
814,815,3134
815,816,620
816,817,2441
817,818,920
818,819,355
819,820,1505
820,821,510
821,822,2261
822,823,1423
823,824,842
824,825,2344
825,826,1089
826,827,303
827,828,2679
828,829,1449
829,830,933
830,831,911
831,832,518
832,833,1348
833,834,564
834,835,358
835,836,4532
836,837,924
837,838,1065
838,839,678
839,840,1669
840,841,1852
841,842,1865
842,843,1315
843,844,3347
844,845,378
845,846,572
846,847,609
847,848,545
848,849,567
849,850,3752
850,851,4034
851,852,1783
852,853,1164
853,854,521
854,855,6267
855,856,3655
856,857,1176
857,858,1124
858,859,583
859,860,1889
860,861,2075
861,862,1960
862,863,1059
863,864,223
864,865,3572
865,866,2543
866,867,2992
867,868,1494
868,869,939
869,870,1335
870,871,1516
871,872,1347
872,873,2021
873,874,2347
874,875,1282
875,876,994
876,877,406
877,878,7023
878,879,1818
879,880,612
880,881,887
881,882,2392
882,883,1706
883,884,1597
884,885,501
885,886,330
886,887,1109
887,888,449
888,889,2094
889,890,794
890,891,1330
891,892,883
892,893,4467
893,894,567
894,895,3563
895,896,215
896,897,2481
897,898,2918
898,899,3473
899,900,1979
900,901,533
901,902,1050
902,903,1603
903,904,919
904,905,1099
905,906,1958
906,907,3154
907,908,1148
908,909,1407
909,910,2181
910,911,4515
911,912,1940
912,913,2102
913,914,924
914,915,840
915,916,641
916,917,1108
917,918,1337
918,919,1763
919,920,2048
920,921,371
921,922,1165
922,923,851
923,924,7277
924,925,547
925,926,1696
926,927,3432
927,928,2362
928,929,2755
929,930,1218
930,931,1073
931,932,3754
932,933,541
933,934,961
934,935,369
935,936,2939
936,937,2591
937,938,2411
938,939,2913
939,940,562
940,941,676
941,942,1548
942,943,1538
943,944,521
944,945,967
945,946,926
946,947,386
947,948,2391
948,949,2253
949,950,4645
950,951,1081
951,952,396
952,953,833
953,954,4158
954,955,786
955,956,338
956,957,2633
957,958,1056
958,959,1902
959,960,471
960,961,2891
961,962,543
962,963,4306
963,964,4447
964,965,904
965,966,1732
966,967,4093
967,968,897
968,969,1513
969,970,1857
970,971,2080
971,972,422
972,973,2026
973,974,2518
974,975,2611
975,976,2152
976,977,1099
977,978,1991
978,979,474
979,980,1970
980,981,3258
981,982,2018
982,983,3099
983,984,1896
984,985,1828
985,986,2134
986,987,3330
987,988,4039
988,989,1568
989,990,1919
990,991,490
991,992,1746
992,993,7434
993,994,1620
994,995,357
995,996,1127
996,997,1285
997,998,1333
998,999,1292
999,1000,2376
1000,1001,735
1001,1002,1184
1002,1003,760
1003,1004,2526
1004,1005,2878
1005,1006,3044
1006,1007,2789
1007,1008,1128
1008,1009,1815
1009,1010,693
1010,1011,1007
1011,1012,508
1012,1013,7248
1013,1014,1098
1014,1015,1525
1015,1016,2936
1016,1017,1614
1017,1018,684
1018,1019,2363
1019,1020,602
1020,1021,390
1021,1022,1234
1022,1023,4502
1023,1024,2337
1024,1025,787
1025,1026,4912
1026,1027,2776
1027,1028,1582
1028,1029,1266
1029,1030,1028
1030,1031,792
1031,1032,1957
1032,1033,1052
1033,1034,3690
1034,1035,2388
1035,1036,1419
1036,1037,1944
1037,1038,551
1038,1039,371
1039,1040,1604
1040,1041,1967
1041,1042,1825
1042,1043,464
1043,1044,1874
1044,1045,7675
1045,1046,1493
1046,1047,620
1047,1048,1673
1048,1049,317
1049,1050,1462
1050,1052,388
1051,1053,2438
1052,1054,5863
1053,1055,722
1054,1056,1654
1055,1057,9208
1056,1058,1301
1057,1059,1006
1058,1060,337
1059,1061,1013
1060,1062,1641
1061,1063,1661
1062,1064,3757
1063,1065,574
1064,1066,1889
1065,1067,2142
1066,1068,1737
1067,1069,1476
1068,1070,453
1069,1071,743
1070,1072,1192
1071,1073,1276
1072,1074,1771
1073,1075,960
1074,1076,2723
1075,1077,678
1076,1078,1604
1077,1079,1461
1078,1080,1091
1079,1081,1154
1080,1082,3409
1081,1083,3857
1082,1084,798
1083,1085,640
1084,1086,1558
1085,1087,652
1086,1088,1351
1087,1089,777
1088,1090,1399
1089,1091,910
1090,1092,708
1091,1094,3584
1092,1095,587
1093,1096,3082
1094,1097,3948
1095,1098,383
1096,1099,1189
1097,1100,16431
1098,1101,720
1099,1102,3536
1100,1103,1382
1101,1104,613
1102,1105,392
1103,1106,1293
1104,1107,1107
1105,1108,914
1106,1109,1389
1107,1110,971
1108,1111,2269
1109,1112,1696
1110,1113,1643
1111,1114,5489
1112,1116,2678
1113,1117,455
1114,1118,2115
1115,1119,1198
1116,1120,302
1117,1121,1013
1118,1122,1143
1119,1123,2271
1120,1124,1198
1121,1125,965
1122,1126,2079
1123,1127,2104
1124,1128,1168
1125,1129,1982
1126,1130,4605
1127,1131,661
1128,1132,530
1129,1133,639
1130,1134,766
1131,1135,1244
1132,1137,1473
1133,1138,1314
1134,1139,1564
1135,1140,2724
1136,1141,1221
1137,1142,1847
1138,1143,940
1139,1144,9196
1140,1145,1532
1141,1146,1784
1142,1147,2026
1143,1148,723
1144,1149,649
1145,1150,1108
1146,1151,1220
1147,1152,883
1148,1153,788
1149,1154,1358
1150,1155,2076
1151,1156,355
1152,1157,870
1153,1158,913
1154,1159,1723
1155,1160,1468
1156,1161,2270
1157,1162,3387
1158,1163,2717
1159,1164,1584
1160,1165,2668
1161,1166,645
1162,1167,310
1163,1168,3832
1164,1169,1065
1165,1170,223
1166,1171,3773
1167,1172,1366
1168,1173,1224
1169,1174,1064
1170,1175,821
1171,1176,1303
1172,1177,1136
1173,1178,272
1174,1179,3202
1175,1180,3404
1176,1181,894
1177,1182,1897
1178,1183,937
1179,1184,1937
1180,1185,1940
1181,1186,2206
1182,1187,1908
1183,1188,1439
1184,1189,1967
1185,1190,3825
1186,1191,1235
1187,1192,1584
1188,1193,707
1189,1194,557
1190,1195,2399
1191,1196,1230
1192,1197,1579
1193,1198,708
1194,1199,1705
1195,1200,1764
1196,1201,3296
1197,1202,668
1198,1203,1403
1199,1204,2438
1200,1205,1949
1201,1206,366
1202,1207,549
1203,1208,4703
1204,1209,369
1205,1210,841
1206,1211,3585
1207,1212,311
1208,1213,536
1209,1214,3272
1210,1215,1732
1211,1216,2927
1212,1217,962
1213,1218,294
1214,1219,1761
1215,1220,529
1216,1221,1621
1217,1222,357
1218,1223,409
1219,1224,803
1220,1225,1485
1221,1226,1429
1222,1227,3138
1223,1228,365
1224,1229,1550
1225,1230,1744
1226,1231,2237
1227,1232,391
1228,1233,2838
1229,1234,1285
1230,1235,1426
1231,1236,503
1232,1237,2561
1233,1238,868
1234,1239,979
1235,1240,1047
1236,1241,1517
1237,1242,2170
1238,1243,1147
1239,1244,827
1240,1245,1926
1241,1246,2252
1242,1247,798
1243,1248,1077
1244,1250,439
1245,1251,3346
1246,1252,609
1247,1253,1788
1248,1254,3752
1249,1255,2224
1250,1256,1054
1251,1257,722
1252,1258,1876
1253,1259,429
1254,1260,1019
1255,1261,1882
1256,1262,1402
1257,1263,738
1258,1264,641
1259,1265,574
1260,1266,3372
1261,1267,668
1262,1268,1598
1263,1269,421
1264,1270,1589
1265,1271,1218
1266,1272,1328
1267,1273,2473
1268,1274,3224
1269,1275,1611
1270,1276,2129
1271,1277,1383
1272,1278,3809
1273,1279,737
1274,1280,1257
1275,1281,1897
1276,1282,1143
1277,1283,1321
1278,1284,4806
1279,1285,380
1280,1286,323
1281,1287,480
1282,1288,1276
1283,1289,1152
1284,1290,3278
1285,1291,1267
1286,1292,1178
1287,1293,4897
1288,1294,1029
1289,1295,2056
1290,1296,1653
1291,1297,869
1292,1298,2328
1293,1299,4996
1294,1300,1547
1295,1301,635
1296,1302,1130
1297,1303,1061
1298,1304,349
1299,1305,2506
1300,1306,2528
1301,1307,361
1302,1308,648
1303,1309,632
1304,1310,882
1305,1311,1523
1306,1312,1954
1307,1313,915
1308,1314,1411
1309,1315,1908
1310,1316,6448
1311,1317,1407
1312,1318,346
1313,1319,2094
1314,1320,2544
1315,1321,511
1316,1322,1807
1317,1323,458
1318,1324,587
1319,1325,665
1320,1326,1290
1321,1327,2892
1322,1328,1433
1323,1329,3350
1324,1330,2045
1325,1331,3143
1326,1332,2713
1327,1333,1551
1328,1334,1918
1329,1335,1429
1330,1336,1347
1331,1337,2520
1332,1338,923
1333,1339,1033
1334,1340,361
1335,1341,2023
1336,1342,291
1337,1343,1618
1338,1344,2159
1339,1345,2242
1340,1346,3035
1341,1347,1447
1342,1348,1319
1343,1349,1397
1344,1350,2448
1345,1351,3119
1346,1352,745
1347,1353,3913
1348,1354,6616
1349,1355,1013
1350,1356,365
1351,1357,1839
1352,1358,834
1353,1359,1501
1354,1360,2148
1355,1361,1297
1356,1362,1091
1357,1363,372
1358,1364,1338
1359,1365,1862
1360,1366,1319
1361,1367,570
1362,1368,1879
1363,1369,394
1364,1370,406
1365,1371,486
1366,1372,1451
1367,1373,201
1368,1374,802
1369,1375,2104
1370,1376,1033
1371,1377,3460
1372,1378,354
1373,1379,851
1374,1380,852
1375,1381,361
1376,1382,2017
1377,1383,727
1378,1384,3925
1379,1385,607
1380,1386,292
1381,1387,380
1382,1388,957
1383,1389,964
1384,1390,2502
1385,1391,2227
1386,1392,348
1387,1393,330
1388,1394,698
1389,1395,2605
1390,1396,1577
1391,1397,2217
1392,1398,1584
1393,1399,1711
1394,1400,1246
1395,1401,1838
1396,1402,1208
1397,1403,2119
1398,1404,2470
1399,1405,1036
1400,1406,856
1401,1407,404
1402,1408,1362
1403,1409,1041
1404,1410,1131
1405,1411,1561
1406,1412,2447
1407,1413,1157
1408,1414,1776
1409,1415,3091
1410,1416,730
1411,1417,1811
1412,1418,1412
1413,1419,1343
1414,1420,1433
1415,1421,650
1416,1422,647
1417,1423,3072
1418,1424,735
1419,1425,2546
1420,1426,1018
1421,1427,376
1422,1428,1287
1423,1429,662
1424,1430,346
1425,1431,1960
1426,1432,712
1427,1433,2161
1428,1434,2851
1429,1435,652
1430,1436,2020
1431,1437,374
1432,1438,1235
1433,1439,1632
1434,1440,2652
1435,1441,972
1436,1442,815
1437,1443,3507
1438,1444,2013
1439,1445,694
1440,1446,1839
1441,1447,2546
1442,1448,1021
1443,1449,1714
1444,1450,1777
1445,1451,811
1446,1452,1215
1447,1453,2788
1448,1454,542
1449,1455,3080
1450,1456,351
1451,1457,2301
1452,1458,410
1453,1459,2337
1454,1460,240
1455,1461,802
1456,1462,1569
1457,1463,475
1458,1464,3719
1459,1465,1204
1460,1466,734
1461,1467,2235
1462,1468,211
1463,1469,2192
1464,1470,1371
1465,1471,1994
1466,1472,3100
1467,1473,2748
1468,1474,1657
1469,1475,307
1470,1476,938
1471,1477,1058
1472,1478,2819
1473,1479,2520
1474,1480,1920
1475,1481,4523
1476,1482,396
1477,1483,2012
1478,1484,775
1479,1485,954
1480,1486,2637
1481,1487,1449
1482,1488,1192
1483,1489,503
1484,1490,2408
1485,1491,2152
1486,1492,1758
1487,1493,1766
1488,1494,1133
1489,1495,741
1490,1496,1758
1491,1497,1559
1492,1498,356
1493,1499,679
1494,1500,1212
1495,1501,760
1496,1502,352
1497,1503,1703
1498,1504,2210
1499,1505,1668
1500,1506,1977
1501,1507,1676
1502,1508,401
1503,1509,718
1504,1510,1842
1505,1511,907
1506,1512,1499
1507,1513,555
1508,1514,930
1509,1515,977
1510,1516,481
1511,1517,232
1512,1518,1362
1513,1519,694
1514,1520,2119
1515,1521,1466
1516,1522,1474
1517,1523,844
1518,1524,2174
1519,1525,987
1520,1526,1067
1521,1527,1479
1522,1528,1204
1523,1529,399
1524,1530,357
1525,1531,2008
1526,1532,897
1527,1533,1888
1528,1534,3935
1529,1535,410
1530,1536,232
1531,1537,1361
1532,1538,1899
1533,1539,2260
1534,1540,885
1535,1541,731
1536,1542,766
1537,1543,1762
1538,1544,647
1539,1545,2381
1540,1546,1460
1541,1547,419
1542,1548,1133
1543,1549,2748
1544,1550,505
1545,1551,347
1546,1552,2960
1547,1553,3698
1548,1554,588
1549,1555,1479
1550,1556,2593
1551,1557,530
1552,1558,1238
1553,1559,2031
1554,1560,2103
1555,1561,6016
1556,1562,360
1557,1563,1144
1558,1564,347
1559,1565,2862
1560,1566,2997
1561,1567,2748
1562,1568,2244
1563,1569,2385
1564,1570,1686
1565,1571,2726
1566,1572,2085
1567,1573,726
1568,1574,1120
1569,1575,724
1570,1576,871
1571,1577,1434
1572,1578,318
1573,1579,840
1574,1580,1363
1575,1581,1143
1576,1582,584
1577,1583,1038
1578,1584,955
1579,1585,1080
1580,1586,2064
1581,1587,2415
1582,1588,1170
1583,1589,435
1584,1590,948
1585,1591,1760
1586,1592,302
1587,1593,3203
1588,1594,1563
1589,1595,374
1590,1596,2869
1591,1597,787
1592,1598,526
1593,1599,1280
1594,1600,744
1595,1601,2500
1596,1602,3182
1597,1603,685
1598,1604,758
1599,1605,524
1600,1606,626
1601,1607,655
1602,1608,912
1603,1609,1547
1604,1610,592
1605,1611,590
1606,1612,2265
1607,1613,1040
1608,1614,1084
1609,1615,5063
1610,1616,876
1611,1617,457
1612,1618,1342
1613,1619,441
1614,1620,387
1615,1621,335
1616,1622,1378
1617,1623,557
1618,1624,1899
1619,1625,1999
1620,1626,453
1621,1627,2070
1622,1628,1768
1623,1629,367
1624,1630,1295
1625,1631,1112
1626,1632,229
1627,1633,3300
1628,1634,3751
1629,1635,1072
1630,1636,393
1631,1637,1402
1632,1638,814
1633,1639,1242
1634,1640,2973
1635,1641,3670
1636,1642,2333
1637,1643,1875
1638,1644,1347
1639,1645,643
1640,1646,2124
1641,1647,789
1642,1649,2161
1643,1650,3407
1644,1651,378
1645,1652,424
1646,1653,2457
1647,1654,2264
1648,1655,1218
1649,1656,527
1650,1657,371
1651,1658,831
1652,1659,1470
1653,1660,1034
1654,1661,332
1655,1662,1790
1656,1663,1304
1657,1664,1664
1658,1665,371
1659,1666,885
1660,1667,839
1661,1668,1769
1662,1669,2590
1663,1670,664
1664,1671,843
1665,1672,1520
1666,1673,2594
1667,1674,1127
1668,1675,413
1669,1676,546
1670,1677,1836
1671,1678,707
1672,1679,3514
1673,1680,1232
1674,1681,3264
1675,1682,1024
1676,1683,2422
1677,1684,1310
1678,1685,1422
1679,1686,418
1680,1687,5700
1681,1688,1853
1682,1689,2889
1683,1690,2270
1684,1691,3867
1685,1692,1265
1686,1693,1589
1687,1694,2072
1688,1695,1203
1689,1696,2319
1690,1697,1064
1691,1698,2897
1692,1699,1532
1693,1700,369
1694,1701,1665
1695,1702,2946
1696,1703,558
1697,1704,564
1698,1705,810
1699,1706,1593
1700,1707,1274
1701,1708,722
1702,1709,527
1703,1710,1691
1704,1711,1079
1705,1712,353
1706,1713,1193
1707,1714,3573
1708,1715,1455
1709,1716,2213
1710,1717,3218
1711,1718,579
1712,1719,554
1713,1720,1219
1714,1721,998
1715,1722,2693
1716,1723,1638
1717,1724,933
1718,1725,1965
1719,1726,1397
1720,1727,349
1721,1728,452
1722,1729,814
1723,1730,1670
1724,1731,1386
1725,1732,1309
1726,1733,404
1727,1734,1722
1728,1735,4039
1729,1736,1307
1730,1737,1202
1731,1738,2478
1732,1739,955
1733,1740,211
1734,1741,259
1735,1742,1764
1736,1743,366
1737,1744,1518
1738,1745,2761
1739,1746,1787
1740,1747,1417
1741,1748,727
1742,1749,2668
1743,1750,786
1744,1751,1721
1745,1752,711
1746,1753,890
1747,1754,732
1748,1755,1443
1749,1756,1832
1750,1757,2462
1751,1758,1016
1752,1759,319
1753,1760,4069
1754,1761,1923
1755,1762,1152
1756,1763,2542
1757,1764,589
1758,1765,287
1759,1766,1974
1760,1767,3285
1761,1768,641
1762,1769,2181
1763,1770,1147
1764,1771,870
1765,1772,525
1766,1773,356
1767,1774,1209
1768,1775,809
1769,1776,857
1770,1777,421
1771,1778,1530
1772,1779,775
1773,1780,5566
1774,1781,1537
1775,1782,1641
1776,1783,4449
1777,1784,3898
1778,1785,1256
1779,1786,2302
1780,1787,497
1781,1788,2090
1782,1789,3653
1783,1790,917
1784,1791,2600
1785,1792,581
1786,1793,1660
1787,1794,1999
1788,1795,387
1789,1796,1270
1790,1797,565
1791,1798,1026
1792,1799,1003
1793,1800,1902
1794,1801,750
1795,1802,912
1796,1803,648
1797,1804,1420
1798,1805,1310
1799,1806,2249
1800,1807,2634
1801,1808,8364
1802,1809,1203
1803,1810,501
1804,1811,783
1805,1812,820
1806,1813,1482
1807,1814,331
1808,1815,1374
1809,1816,1771
1810,1817,1028
1811,1818,1265
1812,1819,1642
1813,1820,631
1814,1821,1465
1815,1822,2205
1816,1823,1238
1817,1824,758
1818,1825,598
1819,1826,852
1820,1827,430
1821,1828,996
1822,1829,531
1823,1830,2079
1824,1831,1146
1825,1832,1382
1826,1833,388
1827,1834,2283
1828,1835,945
1829,1836,2026
1830,1837,351
1831,1838,205
1832,1839,960
1833,1840,1202
1834,1841,348
1835,1842,2630
1836,1843,351
1837,1844,2012
1838,1845,4053
1839,1846,346
1840,1847,209
1841,1848,525
1842,1849,1755
1843,1850,2036
1844,1851,660
1845,1852,458
1846,1853,3382
1847,1854,922
1848,1855,1323
1849,1856,2470
1850,1857,1302
1851,1858,1080
1852,1859,5708
1853,1860,3537
1854,1861,573
1855,1862,252
1856,1863,1062
1857,1864,1103
1858,1865,364
1859,1866,1088
1860,1867,3017
1861,1868,3043
1862,1869,5543
1863,1870,333
1864,1871,305
1865,1872,1352
1866,1873,630
1867,1874,319
1868,1875,1775
1869,1876,1971
1870,1877,520
1871,1878,2232
1872,1879,1096
1873,1880,1426
1874,1881,370
1875,1882,3374
1876,1883,1184
1877,1884,387
1878,1885,282
1879,1886,2273
1880,1887,653
1881,1888,2269
1882,1889,1001
1883,1890,2597
1884,1891,1464
1885,1892,1124
1886,1893,1994
1887,1894,1603
1888,1895,716
1889,1896,1189
1890,1897,353
1891,1898,1038
1892,1899,1005
1893,1900,1218
1894,1901,1144
1895,1902,1669
1896,1903,484
1897,1904,2111
1898,1905,1215
1899,1906,821
1900,1907,3258
1901,1908,1364
1902,1909,373
1903,1910,1318
1904,1911,1968
1905,1912,1272
1906,1913,353
1907,1914,1722
1908,1915,385
1909,1916,7483
1910,1917,800
1911,1918,2884
1912,1919,1677
1913,1920,1207
1914,1921,610
1915,1922,864
1916,1923,1202
1917,1924,2806
1918,1925,2542
1919,1926,2270
1920,1927,399
1921,1928,723
1922,1929,553
1923,1930,1044
1924,1931,1229
1925,1932,3895
1926,1933,1649
1927,1934,1894
1928,1935,856
1929,1936,2075
1930,1937,963
1931,1938,1113
1932,1939,2392
1933,1940,236
1934,1941,1842
1935,1942,1148
1936,1943,369
1937,1944,894
1938,1945,675
1939,1946,2460
1940,1947,708
1941,1948,1500
1942,1949,1868
1943,1950,1174
1944,1951,336
1945,1952,348
1946,1953,1479
1947,1954,2292
1948,1955,2386
1949,1956,581
1950,1957,768
1951,1958,2624
1952,1959,671
1953,1960,3971
1954,1961,721
1955,1962,865
1956,1963,3159
1957,1964,1135
1958,1965,514
1959,1966,1192
1960,1967,1544
1961,1968,1562
1962,1969,440
1963,1970,2751
1964,1971,2109
1965,1972,305
1966,1973,6898
1967,1974,2204
1968,1975,523
1969,1976,527
1970,1977,1505
1971,1978,1989
1972,1979,2448
1973,1980,704
1974,1981,2166
1975,1982,550
1976,1983,1583
1977,1984,207
1978,1985,587
1979,1986,259
1980,1987,252
1981,1988,746
1982,1989,794
1983,1990,1852
1984,1991,952
1985,1992,1889
1986,1993,1299
1987,1994,2731
1988,1995,1036
1989,1996,4321
1990,1997,1050
1991,1998,3217
1992,1999,1801
1993,2000,1076
1994,2001,1598
1995,2002,693
1996,2003,1346
1997,2004,516
1998,2005,1428
1999,2006,2907
2000,2007,395
2001,2008,1119
2002,2009,517
2003,2010,414
2004,2011,1171
2005,2012,776
2006,2013,318
2007,2014,995
2008,2015,699
2009,2016,1657
2010,2017,1208
2011,2018,2162
2012,2019,945
2013,2020,3556
2014,2021,2390
2015,2022,388
2016,2023,2016
2017,2024,6184
2018,2025,2885
2019,2026,548
2020,2027,1578
2021,2028,1677
2022,2029,1433
2023,2030,499
2024,2031,2043
2025,2032,371
2026,2033,1415
2027,2034,693
2028,2035,4380
2029,2036,526
2030,2037,2058
2031,2038,1137
2032,2039,633
2033,2040,388
2034,2041,364
2035,2042,1480
2036,2043,978
2037,2044,3602
2038,2045,2222
2039,2046,1497
2040,2047,3097
2041,2048,1933
2042,2049,2252
2043,2050,1410
2044,2051,2342
2045,2052,410
2046,2053,610
2047,2054,703
2048,2055,3495
2049,2056,1481
2050,2057,3330
2051,2058,1939
2052,2059,2560
2053,2060,924
2054,2061,2107
2055,2062,2298
2056,2063,399
2057,2064,1674
2058,2065,1826
2059,2066,1812
2060,2067,591
2061,2068,2833
2062,2069,688
2063,2070,2807
2064,2071,506
2065,2072,356
2066,2073,1087
2067,2074,961
2068,2075,757
2069,2076,2436
2070,2077,354
2071,2078,606
2072,2079,549
2073,2080,295
2074,2081,591
2075,2082,2029
2076,2083,1166
2077,2084,1553
2078,2085,2809
2079,2086,2141
2080,2087,794
2081,2088,678
2082,2089,476
2083,2090,1368
2084,2091,4498
2085,2092,1013
2086,2093,708
2087,2094,1941
2088,2095,359
2089,2096,2163
2090,2097,394
2091,2098,1396
2092,2099,2084
2093,2100,1109
2094,2101,3263
2095,2102,550
2096,2103,3147
2097,2104,2253
2098,2105,1604
2099,2106,1166
2100,2107,1447
2101,2108,210
2102,2109,4765
2103,2110,2309
2104,2111,559
2105,2112,1907
2106,2113,1370
2107,2114,969
2108,2115,3879
2109,2116,562
2110,2117,314
2111,2118,1442
2112,2119,345
2113,2120,214
2114,2121,3162
2115,2122,969
2116,2123,3718
2117,2124,920
2118,2125,1574
2119,2126,373
2120,2127,1029
2121,2128,1754
2122,2129,1503
2123,2130,1321
2124,2131,350
2125,2132,1484
2126,2133,1514
2127,2134,2308
2128,2135,312
2129,2136,365
2130,2137,220
2131,2138,3499
2132,2139,1584
2133,2140,2367
2134,2141,1318
2135,2142,1176
2136,2143,741
2137,2144,1636
2138,2145,599
2139,2146,746
2140,2147,562
2141,2148,719
2142,2149,382
2143,2150,422
2144,2151,713
2145,2152,719
2146,2153,1425
2147,2154,836
2148,2155,495
2149,2156,1625
2150,2157,362
2151,2158,727
2152,2159,1257
2153,2160,370
2154,2161,536
2155,2162,383
2156,2163,4845
2157,2164,3438
2158,2165,1595
2159,2166,1355
2160,2167,3385
2161,2168,1721
2162,2169,1717
2163,2170,247
2164,2171,348
2165,2172,776
2166,2173,4338
2167,2174,1857
2168,2175,392
2169,2176,1395
2170,2177,1919
2171,2178,2831
2172,2179,2831
2173,2180,1365
2174,2181,1660
2175,2182,665
2176,2183,309
2177,2184,548
2178,2185,1196
2179,2186,571
2180,2187,1809
2181,2188,2558
2182,2189,910
2183,2190,3933
2184,2191,4645
2185,2192,2143
2186,2193,961
2187,2194,2029
2188,2195,1027
2189,2196,2654
2190,2197,1832
2191,2198,1871
2192,2199,2412
2193,2200,801
2194,2201,1485
2195,2202,498
2196,2203,883
2197,2204,663
2198,2205,1540
2199,2206,5107
2200,2207,6290
2201,2208,2265
2202,2209,686
2203,2210,1598
2204,2211,1398
2205,2212,1230
2206,2213,976
2207,2214,986
2208,2215,1183
2209,2216,340
2210,2217,1315
2211,2218,1795
2212,2219,941
2213,2220,798
2214,2221,329
2215,2222,6192
2216,2223,1763
2217,2224,2423
2218,2225,1957
2219,2226,914
2220,2227,393
2221,2228,780
2222,2229,958
2223,2230,2267
2224,2231,610
2225,2232,1084
2226,2233,2055
2227,2234,1343
2228,2235,1929
2229,2236,539
2230,2237,2959
2231,2238,896
2232,2239,341
2233,2240,1513
2234,2241,771
2235,2242,654
2236,2243,1033
2237,2244,4352
2238,2245,391
2239,2246,770
2240,2247,1296
2241,2248,1085
2242,2249,4654
2243,2250,681
2244,2251,1274
2245,2252,848
2246,2253,981
2247,2254,309
2248,2255,845
2249,2256,971
2250,2257,2377
2251,2258,4273
2252,2259,587
2253,2260,2063
2254,2261,2205
2255,2262,2205
2256,2263,7287
2257,2264,3518
2258,2265,2167
2259,2266,701
2260,2267,311
2261,2268,369
2262,2269,333
2263,2270,1060
2264,2271,1751
2265,2272,361
2266,2273,552
2267,2274,381
2268,2275,1073
2269,2276,4755
2270,2277,548
2271,2278,342
2272,2279,1576
2273,2280,2064
2274,2281,1021
2275,2282,258
2276,2283,269
2277,2284,708
2278,2285,1418
2279,2286,2532
2280,2287,318
2281,2288,505
2282,2289,2132
2283,2290,412
2284,2291,1899
2285,2292,1724
2286,2293,455
2287,2294,1551
2288,2295,736
2289,2296,406
2290,2297,792
2291,2298,1111
2292,2299,1149
2293,2300,930
2294,2301,2220
2295,2302,3860
2296,2303,740
2297,2304,1635
2298,2305,1130
2299,2306,2117
2300,2307,1433
2301,2308,447
2302,2309,1165
2303,2310,268
2304,2311,934
2305,2312,1403
2306,2313,300
2307,2314,314
2308,2315,1737
2309,2316,1708
2310,2317,1783
2311,2318,290
2312,2319,350
2313,2320,3152
2314,2321,554
2315,2322,3570
2316,2323,1094
2317,2324,1754
2318,2325,3285
2319,2326,1649
2320,2327,1218
2321,2328,2179
2322,2329,3043
2323,2330,1303
2324,2331,1808
2325,2332,732
2326,2333,422
2327,2334,1152
2328,2335,1550
2329,2336,1088
2330,2337,1767
2331,2338,1064
2332,2339,600
2333,2340,849
2334,2341,1035
2335,2342,376
2336,2343,761
2337,2344,350
2338,2345,331
2339,2346,5822
2340,2347,2231
2341,2348,590
2342,2349,4543
2343,2350,3716
2344,2351,423
2345,2352,823
2346,2353,521
2347,2354,2481
2348,2355,241
2349,2356,1681
2350,2357,489
2351,2358,1072
2352,2359,1044
2353,2360,1541
2354,2361,1217
2355,2362,1324
2356,2363,1011
2357,2364,1838
2358,2365,528
2359,2366,639
2360,2367,1927
2361,2368,576
2362,2369,406
2363,2370,2426
2364,2371,456
2365,2372,2666
2366,2373,1441
2367,2374,940
2368,2375,2020
2369,2376,751
2370,2377,2152
2371,2378,445
2372,2379,516
2373,2380,735
2374,2381,2605
2375,2382,755
2376,2383,383
2377,2384,2351
2378,2385,648
2379,2386,461
2380,2387,1236
2381,2388,1172
2382,2389,927
2383,2390,508
2384,2391,292
2385,2392,592
2386,2393,722
2387,2394,450
2388,2395,716
2389,2396,1102
2390,2397,1990
2391,2398,798
2392,2399,1064
2393,2400,952
2394,2401,1058
2395,2402,1363
2396,2403,326
2397,2404,364
2398,2405,1309
2399,2406,253
2400,2407,279
2401,2408,5387
2402,2409,1130
2403,2410,1458
2404,2411,1623
2405,2412,362
2406,2413,426
2407,2414,4717
2408,2415,365
2409,2416,2118
2410,2417,795
2411,2418,661
2412,2419,270
2413,2420,659
2414,2421,787
2415,2422,1009
2416,2423,2371
2417,2424,995
2418,2425,1481
2419,2426,279
2420,2427,1892
2421,2428,1556
2422,2429,1795
2423,2430,376
2424,2431,1408
2425,2432,293
2426,2433,598
2427,2434,866
2428,2435,2477
2429,2436,1029
2430,2437,637
2431,2438,291
2432,2439,1295
2433,2440,2081
2434,2441,894
2435,2442,1837
2436,2443,709
2437,2444,340
2438,2445,1295
2439,2446,3232
2440,2447,1114
2441,2448,1433
2442,2449,964
2443,2450,697
2444,2451,6343
2445,2452,448
2446,2453,384
2447,2454,655
2448,2455,287
2449,2456,1812
2450,2457,343
2451,2458,994
2452,2459,334
2453,2460,542
2454,2461,550
2455,2462,1491
2456,2463,1195
2457,2464,376
2458,2465,251
2459,2466,2178
2460,2467,898
2461,2468,802
2462,2469,6770
2463,2470,1100
2464,2471,569
2465,2472,393
2466,2473,1450
2467,2474,2151
2468,2475,379
2469,2476,2461
2470,2477,232
2471,2478,1564
2472,2479,1297
2473,2480,1359
2474,2481,1074
2475,2482,1436
2476,2483,939
2477,2484,3149
2478,2485,2195
2479,2486,384
2480,2487,6652
2481,2488,962
2482,2489,1543
2483,2490,717
2484,2491,1765
2485,2492,3250
2486,2493,933
2487,2494,2294
2488,2495,363
2489,2496,284
2490,2497,914
2491,2498,1152
2492,2499,2259
2493,2500,944
2494,2501,1259
2495,2502,2333
2496,2503,344
2497,2504,424
2498,2505,2025
2499,2506,537
2500,2507,2400
2501,2508,871
2502,2509,1668
2503,2510,802
2504,2511,345
2505,2512,3129
2506,2513,862
2507,2514,643
2508,2515,1911
2509,2516,326
2510,2517,724
2511,2518,659
2512,2519,1111
2513,2520,1250
2514,2521,217
2515,2522,739
2516,2523,736
2517,2524,1142
2518,2525,382
2519,2526,975
2520,2527,267
2521,2528,363
2522,2529,367
2523,2530,339
2524,2532,976
2525,2533,1204
2526,2534,7370
2527,2535,975
2528,2536,1106
2529,2537,557
2530,2538,763
2531,2539,2789
2532,2540,583
2533,2541,221
2534,2542,1305
2535,2543,368
2536,2544,1118
2537,2545,671
2538,2546,2817
2539,2547,572
2540,2548,1642
2541,2549,1174
2542,2550,1099
2543,2551,907
2544,2552,1069
2545,2553,634
2546,2554,904
2547,2555,1307
2548,2556,554
2549,2557,2366
2550,2558,1116
2551,2559,1777
2552,2560,399
2553,2561,1007
2554,2562,993
2555,2563,5359
2556,2564,1686
2557,2565,689
2558,2566,1588
2559,2567,1639
2560,2568,2289
2561,2569,1216
2562,2570,1645
2563,2571,1206
2564,2572,430
2565,2573,1234
2566,2574,619
2567,2575,1042
2568,2576,2055
2569,2577,2034
2570,2578,4190
2571,2579,2346
2572,2580,1609
2573,2581,713
2574,2582,392
2575,2583,1895
2576,2584,335
2577,2585,1723
2578,2586,1480
2579,2587,3074
2580,2588,943
2581,2589,718
2582,2590,346
2583,2591,965
2584,2592,1644
2585,2593,677
2586,2594,2602
2587,2596,387
2588,2597,1178
2589,2598,424
2590,2599,1365
2591,2600,928
2592,2601,2653
2593,2602,671
2594,2603,328
2595,2604,431
2596,2605,388
2597,2606,1656
2598,2607,329
2599,2608,340
2600,2609,1682
2601,2610,385
2602,2611,813
2603,2612,227
2604,2613,2809
2605,2614,644
2606,2615,2408
2607,2616,344
2608,2617,688
2609,2618,376
2610,2619,1288
2611,2620,951
2612,2621,745
2613,2622,2520
2614,2623,724
2615,2624,5471
2616,2625,234
2617,2626,1086
2618,2627,534
2619,2628,1094
2620,2630,3325
2621,2631,1772
2622,2632,890
2623,2633,754
2624,2634,909
2625,2635,819
2626,2636,2696
2627,2637,1124
2628,2638,308
2629,2639,376
2630,2640,1025
2631,2641,1275
2632,2642,1451
2633,2643,799
2634,2644,1718
2635,2645,1366
2636,2646,244
2637,2647,1420
2638,2648,528
2639,2649,1639
2640,2650,1024
2641,2651,307
2642,2652,955
2643,2653,800
2644,2654,3765
2645,2655,429
2646,2656,721
2647,2657,481
2648,2658,587
2649,2659,2009
2650,2660,289
2651,2661,2732
2652,2662,819
2653,2663,655
2654,2664,2075
2655,2665,436
2656,2666,2621
2657,2667,1022
2658,2668,577
2659,2669,1156
2660,2670,647
2661,2671,1495
2662,2672,1700
2663,2673,362
2664,2674,2520
2665,2675,1212
2666,2676,1084
2667,2677,2463
2668,2678,2846
2669,2679,1404
2670,2680,1751
2671,2681,1129
2672,2682,631
2673,2683,1027
2674,2684,3891
2675,2685,1060
2676,2686,1747
2677,2687,2105
2678,2688,709
2679,2689,423
2680,2690,1002
2681,2691,207
2682,2692,705
2683,2693,1141
2684,2694,2391
2685,2695,303
2686,2696,948
2687,2697,1156
2688,2698,1111
2689,2699,1842
2690,2700,1083
2691,2701,2544
2692,2702,559
2693,2703,1349
2694,2704,2628
2695,2705,895
2696,2706,991
2697,2707,1028
2698,2708,733
2699,2709,515
2700,2710,1682
2701,2712,1380
2702,2713,1002
2703,2714,877
2704,2715,1549
2705,2716,369
2706,2717,262
2707,2718,1091
2708,2719,397
2709,2720,574
2710,2721,979
2711,2722,764
2712,2723,483
2713,2724,910
2714,2725,1667
2715,2726,796
2716,2727,477
2717,2728,1605
2718,2729,359
2719,2730,681
2720,2731,331
2721,2732,1381
2722,2733,481
2723,2734,294
2724,2735,772
2725,2736,944
2726,2737,820
2727,2738,584
2728,2739,2136
2729,2740,1374
2730,2741,2267
2731,2742,664
2732,2743,2481
2733,2744,857
2734,2745,1352
2735,2746,250
2736,2747,476
2737,2748,425
2738,2749,523
2739,2750,1301
2740,2751,1036
2741,2752,1034
2742,2753,1418
2743,2754,704
2744,2755,283
2745,2756,3457
2746,2757,2052
2747,2758,1070
2748,2759,549
2749,2760,1025
2750,2761,588
2751,2762,4498
2752,2763,1597
2753,2764,1991
2754,2765,1211
2755,2766,1470
2756,2767,1195
2757,2768,200
2758,2769,843
2759,2770,850
2760,2771,772
2761,2772,420
2762,2773,2398
2763,2774,1755
2764,2775,614
2765,2776,841
2766,2777,871
2767,2778,744
2768,2779,341
2769,2780,359
2770,2781,619
2771,2782,572
2772,2783,725
2773,2784,2414
2774,2785,961
2775,2786,562
2776,2787,452
2777,2788,1575
2778,2789,1606
2779,2790,908
2780,2791,1136
2781,2792,950
2782,2793,2262
2783,2794,1146
2784,2795,1778
2785,2796,937
2786,2797,722
2787,2798,690
2788,2799,2683
2789,2800,588
2790,2801,1423
2791,2802,2517
2792,2803,231
2793,2804,1722
2794,2805,1389
2795,2806,409
2796,2807,1102
2797,2808,2754
2798,2809,902
2799,2810,1289
2800,2811,2049
2801,2812,602
2802,2813,2423
2803,2814,706
2804,2815,8337
2805,2816,348
2806,2817,379
2807,2819,1261
2808,2820,1283
2809,2821,1652
2810,2822,672
2811,2823,839
2812,2824,391
2813,2825,2573
2814,2826,1032
2815,2827,1463
2816,2828,369
2817,2829,467
2818,2830,753
2819,2831,768
2820,2832,633
2821,2833,782
2822,2834,372
2823,2835,868
2824,2836,1703
2825,2837,2952
2826,2838,248
2827,2839,349
2828,2840,643
2829,2841,939
2830,2842,412
2831,2843,295
2832,2844,506
2833,2845,1731
2834,2846,1278
2835,2847,1991
2836,2848,1586
2837,2849,334
2838,2850,1370
2839,2851,2744
2840,2852,959
2841,2853,354
2842,2854,829
2843,2855,267
2844,2856,226
2845,2857,684
2846,2858,783
2847,2859,1749
2848,2860,1192
2849,2861,217
2850,2862,413
2851,2863,919
2852,2864,1512
2853,2865,1360
2854,2866,336
2855,2867,2213
2856,2868,349
2857,2869,2252
2858,2870,517
2859,2871,1098
2860,2872,708
2861,2873,636
2862,2874,798
2863,2875,1227
2864,2876,614
2865,2877,336
2866,2878,529
2867,2879,2636
2868,2880,1541
2869,2881,467
2870,2882,1694
2871,2883,928
2872,2884,4459
2873,2885,947
2874,2886,2171
2875,2887,380
2876,2888,540
2877,2889,231
2878,2890,3175
2879,2891,788
2880,2892,1105
2881,2893,1068
2882,2894,634
2883,2895,909
2884,2896,399
2885,2897,1259
2886,2898,2143
2887,2899,508
2888,2900,393
2889,2901,849
2890,2902,2317
2891,2903,285
2892,2904,513
2893,2905,545
2894,2906,501
2895,2907,699
2896,2908,1325
2897,2909,1703
2898,2910,402
2899,2911,1592
2900,2912,1182
2901,2913,695
2902,2914,3368
2903,2915,2076
2904,2916,570
2905,2917,927
2906,2918,1210
2907,2919,929
2908,2920,1430
2909,2921,1080
2910,2922,837
2911,2923,826
2912,2924,644
2913,2925,779
2914,2926,694
2915,2927,677
2916,2928,368
2917,2929,2047
2918,2930,1739
2919,2931,222
2920,2932,706
2921,2933,630
2922,2934,1036
2923,2935,1747
2924,2936,1614
2925,2937,1873
2926,2938,341
2927,2939,1322
2928,2940,1189
2929,2941,1448
2930,2942,485
2931,2943,385
2932,2944,1438
2933,2945,3250
2934,2946,1494
2935,2947,350
2936,2948,335
2937,2949,987
2938,2950,2492
2939,2951,1192
2940,2952,900
2941,2953,733
2942,2954,539
2943,2955,215
2944,2956,1051
2945,2957,1166
2946,2958,1101
2947,2959,609
2948,2960,805
2949,2961,823
2950,2962,898
2951,2963,2549
2952,2964,333
2953,2965,1083
2954,2966,363
2955,2967,1606
2956,2968,369
2957,2969,1023
2958,2970,1551
2959,2971,332
2960,2972,1444
2961,2973,1619
2962,2974,505
2963,2975,204
2964,2976,2621
2965,2977,487
2966,2978,1018
2967,2979,620
2968,2980,1105
2969,2981,1618
2970,2982,2947
2971,2983,719
2972,2984,1744
2973,2985,2527
2974,2986,931
2975,2987,609
2976,2988,1022
2977,2989,1060
2978,2990,2217
2979,2991,1157
2980,2992,1667
2981,2993,4475
2982,2994,789
2983,2995,342
2984,2996,1351
2985,2997,381
2986,2998,601
2987,2999,2442
2988,3000,502
2989,3001,1378
2990,3002,341
2991,3003,1696
2992,3004,1904
2993,3005,1286
2994,3006,707
2995,3007,352
2996,3008,10454
2997,3009,258
2998,3010,322
2999,3011,2397
3000,3012,346
3001,3013,1691
3002,3014,1063
3003,3015,365
3004,3016,738
3005,3017,2033
3006,3018,2268
3007,3019,552
3008,3020,939
3009,3021,695
3010,3022,350
3011,3023,1296
3012,3024,339
3013,3025,721
3014,3026,769
3015,3027,697
3016,3028,379
3017,3029,699
3018,3030,508
3019,3031,368
3020,3032,1350
3021,3033,1183
3022,3034,1135
3023,3035,212
3024,3036,301
3025,3037,391
3026,3038,594
3027,3039,833
3028,3040,3393
3029,3041,1502
3030,3042,1433
3031,3043,831
3032,3044,352
3033,3045,494
3034,3046,266
3035,3047,945
3036,3048,1520
3037,3049,1388
3038,3050,353
3039,3051,360
3040,3052,656
3041,3053,1155
3042,3054,384
3043,3055,745
3044,3056,347
3045,3057,1318
3046,3058,948
3047,3059,368
3048,3060,2858
3049,3061,867
3050,3062,362
3051,3063,378
3052,3064,2591
3053,3065,1571
3054,3066,668
3055,3067,1407
3056,3068,594
3057,3069,418
3058,3070,1023
3059,3071,1458
3060,3072,1495
3061,3073,401
3062,3074,336
3063,3075,725
3064,3076,1123
3065,3077,1088
3066,3078,355
3067,3079,347
3068,3080,1248
3069,3081,1784
3070,3082,1965
3071,3083,545
3072,3084,534
3073,3085,770
3074,3086,1320
3075,3087,1522
3076,3088,809
3077,3089,887
3078,3090,612
3079,3091,362
3080,3092,988
3081,3093,238
3082,3094,1388
3083,3095,403
3084,3096,552
3085,3097,392
3086,3098,1369
3087,3099,1530
3088,3100,781
3089,3101,680
3090,3102,372
3091,3103,753
3092,3104,373
3093,3105,1005
3094,3106,696
3095,3107,384
3096,3108,3920
3097,3109,1448
3098,3110,1132
3099,3111,1253
3100,3112,1814
3101,3113,1725
3102,3114,782
3103,3115,622
3104,3116,523
3105,3117,1240
3106,3118,822
3107,3119,355
3108,3120,235
3109,3121,934
3110,3122,368
3111,3123,350
3112,3124,363
3113,3125,732
3114,3126,381
3115,3127,753
3116,3128,348
3117,3129,3365
3118,3130,2036
3119,3131,770
3120,3132,803
3121,3133,762
3122,3134,543
3123,3135,313
3124,3136,362
3125,3137,658
3126,3138,1082
3127,3139,3778
3128,3140,2118
3129,3141,1311
3130,3142,907
3131,3143,2679
3132,3144,732
3133,3145,1178
3134,3146,1392
3135,3147,1795
3136,3148,1057
3137,3149,224
3138,3150,538
3139,3151,1407
3140,3152,658
3141,3153,562
3142,3154,588
3143,3155,203
3144,3156,869
3145,3157,788
3146,3158,514
3147,3159,602
3148,3160,1433
3149,3161,1928
3150,3162,673
3151,3163,219
3152,3164,466
3153,3165,330
3154,3166,1658
3155,3167,739
3156,3168,1213
3157,3169,2765
3158,3170,940
3159,3171,799
3160,3172,881
3161,3173,258
3162,3174,733
3163,3175,226
3164,3176,525
3165,3177,1373
3166,3178,1369
3167,3179,1524
3168,3180,422
3169,3181,205
3170,3182,954
3171,3183,1256
3172,3184,365
3173,3185,643
3174,3186,616
3175,3187,1526
3176,3188,266
3177,3189,267
3178,3190,790
3179,3191,1349
3180,3192,235
3181,3193,3258
3182,3194,980
3183,3195,379
3184,3196,7115
3185,3197,232
3186,3198,1073
3187,3199,343
3188,3200,598
3189,3201,382
3190,3202,551
3191,3203,910
3192,3204,1399
3193,3205,1165
3194,3206,690
3195,3207,280
3196,3208,1946
3197,3209,733
3198,3210,215
3199,3211,1492
3200,3212,1089
3201,3213,1515
3202,3214,893
3203,3215,297
3204,3216,761
3205,3217,357
3206,3218,1721
3207,3219,349
3208,3220,340
3209,3221,266
3210,3222,550
3211,3223,591
3212,3224,858
3213,3225,1012
3214,3226,1514
3215,3227,1424
3216,3228,2004
3217,3229,1733
3218,3230,575
3219,3231,458
3220,3232,376
3221,3233,1191
3222,3234,229
3223,3235,544
3224,3236,668
3225,3237,500
3226,3238,1619
3227,3239,4610
3228,3240,1948
3229,3241,361
3230,3242,2468
3231,3243,297
3232,3244,760
3233,3245,574
3234,3246,1152
3235,3247,372
3236,3248,227
3237,3249,4219
3238,3250,447
3239,3251,1170
3240,3252,616
3241,3253,1976
3242,3254,338
3243,3255,244
3244,3256,674
3245,3257,1458
3246,3258,3105
3247,3259,1190
3248,3260,489
3249,3261,1064
3250,3262,699
3251,3263,703
3252,3264,560
3253,3265,2207
3254,3267,387
3255,3268,2882
3256,3269,2195
3257,3270,1809
3258,3271,1710
3259,3272,399
3260,3273,1769
3261,3274,244
3262,3275,1517
3263,3276,1734
3264,3277,526
3265,3278,547
3266,3279,1670
3267,3280,1116
3268,3281,1000
3269,3282,1221
3270,3283,329
3271,3284,1152
3272,3285,1164
3273,3286,362
3274,3287,254
3275,3288,372
3276,3289,1054
3277,3290,310
3278,3291,586
3279,3292,2464
3280,3293,531
3281,3294,596
3282,3295,237
3283,3296,516
3284,3297,2527
3285,3298,682
3286,3299,1968
3287,3300,484
3288,3302,753
3289,3303,1945
3290,3304,741
3291,3305,523
3292,3306,616
3293,3307,327
3294,3308,310
3295,3309,336
3296,3310,2376
3297,3311,675
3298,3312,496
3299,3313,833
3300,3314,393
3301,3315,388
3302,3316,1814
3303,3317,931
3304,3318,1201
3305,3319,274
3306,3320,379
3307,3321,1063
3308,3322,1369
3309,3323,2320
3310,3324,1074
3311,3325,407
3312,3326,1580
3313,3327,239
3314,3328,208
3315,3329,367
3316,3330,872
3317,3331,1272
3318,3332,1621
3319,3333,587
3320,3334,1108
3321,3335,351
3322,3336,946
3323,3337,960
3324,3338,533
3325,3339,788
3326,3340,1739
3327,3341,242
3328,3342,836
3329,3343,425
3330,3344,1280
3331,3345,275
3332,3346,853
3333,3347,284
3334,3348,326
3335,3349,322
3336,3350,1953
3337,3351,468
3338,3352,4017
3339,3353,555
3340,3354,3059
3341,3355,388
3342,3356,2593
3343,3357,366
3344,3358,1107
3345,3359,399
3346,3360,366
3347,3361,1187
3348,3362,239
3349,3363,762
3350,3364,612
3351,3365,2647
3352,3366,896
3353,3367,918
3354,3368,395
3355,3369,359
3356,3370,858
3357,3371,583
3358,3372,933
3359,3373,549
3360,3374,263
3361,3375,822
3362,3376,600
3363,3377,353
3364,3378,1124
3365,3379,1283
3366,3380,887
3367,3381,2061
3368,3382,3503
3369,3383,1369
3370,3384,765
3371,3385,961
3372,3386,536
3373,3387,2440
3374,3388,200
3375,3389,1911
3376,3390,1610
3377,3391,716
3378,3392,933
3379,3393,874
3380,3394,2220
3381,3395,1101
3382,3396,446
3383,3397,1396
3384,3398,357
3385,3399,447
3386,3400,1219
3387,3401,394
3388,3402,733
3389,3403,1377
3390,3404,254
3391,3405,374
3392,3406,1008
3393,3407,360
3394,3408,840
3395,3409,351
3396,3410,838
3397,3411,346
3398,3412,2977
3399,3413,1156
3400,3414,366
3401,3415,1061
3402,3416,405
3403,3417,383
3404,3418,722
3405,3419,349
3406,3420,977
3407,3421,1381
3408,3422,1191
3409,3423,348
3410,3424,1008
3411,3425,568
3412,3426,1752
3413,3427,234
3414,3428,958
3415,3429,2134
3416,3430,1141
3417,3431,1005
3418,3432,721
3419,3433,618
3420,3434,1446
3421,3435,1460
3422,3436,1490
3423,3437,1005
3424,3438,341
3425,3439,284
3426,3440,2017
3427,3441,726
3428,3442,358
3429,3443,410
3430,3444,395
3431,3445,338
3432,3446,976
3433,3447,534
3434,3448,2488
3435,3449,591
3436,3450,632
3437,3451,336
3438,3452,392
3439,3453,1634
3440,3454,1406
3441,3455,422
3442,3456,308
3443,3457,367
3444,3458,5618
3445,3459,675
3446,3460,428
3447,3461,394
3448,3462,1107
3449,3463,1958
3450,3464,869
3451,3465,532
3452,3466,905
3453,3467,500
3454,3468,8339
3455,3469,335
3456,3470,353
3457,3471,384
3458,3472,381
3459,3473,1169
3460,3474,828
3461,3475,872
3462,3476,526
3463,3477,293
3464,3478,423
3465,3479,562
3466,3480,1354
3467,3481,488
3468,3482,363
3469,3483,1676
3470,3484,1936
3471,3485,282
3472,3486,750
3473,3487,792
3474,3488,206
3475,3489,332
3476,3490,3810
3477,3491,1545
3478,3492,1063
3479,3493,434
3480,3494,945
3481,3495,283
3482,3496,726
3483,3497,630
3484,3498,369
3485,3499,390
3486,3500,1421
3487,3501,3304
3488,3502,362
3489,3503,1822
3490,3504,249
3491,3505,1337
3492,3506,345
3493,3507,270
3494,3508,1638
3495,3509,1432
3496,3510,1483
3497,3511,1126
3498,3512,617
3499,3513,665
3500,3514,1881
3501,3515,1592
3502,3516,356
3503,3517,798
3504,3518,370
3505,3519,1715
3506,3520,1291
3507,3521,3571
3508,3522,735
3509,3523,816
3510,3524,2579
3511,3525,643
3512,3526,639
3513,3527,556
3514,3528,607
3515,3529,213
3516,3530,389
3517,3531,1493
3518,3532,265
3519,3533,506
3520,3534,1231
3521,3535,1883
3522,3536,603
3523,3537,375
3524,3538,363
3525,3539,337
3526,3540,644
3527,3541,395
3528,3542,374
3529,3543,991
3530,3544,1064
3531,3545,1713
3532,3546,525
3533,3547,215
3534,3548,430
3535,3549,269
3536,3550,570
3537,3551,386
3538,3552,507
3539,3553,2849
3540,3554,1346
3541,3555,1877
3542,3556,350
3543,3557,1062
3544,3558,776
3545,3559,572
3546,3560,1038
3547,3561,1110
3548,3562,515
3549,3563,360
3550,3564,722
3551,3565,3124
3552,3566,2023
3553,3567,528
3554,3568,613
3555,3569,730
3556,3570,285
3557,3571,599
3558,3572,372
3559,3573,747
3560,3574,490
3561,3575,402
3562,3576,2469
3563,3577,1469
3564,3578,533
3565,3579,2229
3566,3580,275
3567,3581,886
3568,3582,985
3569,3583,733
3570,3584,503
3571,3585,387
3572,3586,346
3573,3587,306
3574,3588,799
3575,3589,560
3576,3590,407
3577,3591,3005
3578,3592,1096
3579,3593,404
3580,3594,1101
3581,3595,1115
3582,3596,2061
3583,3597,1912
3584,3598,739
3585,3599,407
3586,3600,2154
3587,3601,1417
3588,3602,442
3589,3603,2019
3590,3604,1867
3591,3605,4414
3592,3606,927
3593,3607,250
3594,3608,1201
3595,3609,1004
3596,3610,361
3597,3611,338
3598,3612,339
3599,3613,972
3600,3614,529
3601,3615,503
3602,3616,351
3603,3617,821
3604,3618,1317
3605,3619,285
3606,3620,751
3607,3621,1050
3608,3622,339
3609,3623,296
3610,3624,844
3611,3625,339
3612,3626,555
3613,3627,471
3614,3628,548
3615,3629,1070
3616,3631,861
3617,3632,358
3618,3633,872
3619,3634,704
3620,3635,272
3621,3636,980
3622,3637,735
3623,3638,362
3624,3639,1948
3625,3640,1906
3626,3641,1398
3627,3642,522
3628,3643,535
3629,3644,699
3630,3645,375
3631,3646,383
3632,3647,436
3633,3648,669
3634,3649,904
3635,3650,563
3636,3651,691
3637,3652,524
3638,3653,1053
3639,3654,558
3640,3655,283
3641,3656,710
3642,3657,562
3643,3658,1042
3644,3659,2750
3645,3660,353
3646,3661,2627
3647,3662,536
3648,3663,216
3649,3664,201
3650,3665,355
3651,3666,1276
3652,3667,348
3653,3668,349
3654,3669,617
3655,3670,214
3656,3671,798
3657,3672,1180
3658,3673,440
3659,3674,1915
3660,3675,992
3661,3676,1024
3662,3677,538
3663,3678,918
3664,3679,378
3665,3680,887
3666,3681,416
3667,3682,2140
3668,3683,624
3669,3684,294
3670,3685,391
3671,3686,357
3672,3687,1105
3673,3688,291
3674,3689,793
3675,3690,701
3676,3691,658
3677,3692,299
3678,3693,400
3679,3694,1462
3680,3695,568
3681,3696,1400
3682,3697,610
3683,3698,647
3684,3699,213
3685,3700,694
3686,3701,428
3687,3702,795
3688,3703,443
3689,3704,1370
3690,3705,900
3691,3706,593
3692,3707,599
3693,3708,315
3694,3709,369
3695,3710,365
3696,3711,378
3697,3712,899
3698,3713,4123
3699,3714,946
3700,3715,435
3701,3716,948
3702,3717,996
3703,3718,394
3704,3719,1031
3705,3720,362
3706,3721,735
3707,3722,235
3708,3723,379
3709,3724,521
3710,3725,763
3711,3726,275
3712,3727,559
3713,3728,382
3714,3729,614
3715,3730,1597
3716,3731,521
3717,3732,889
3718,3733,277
3719,3734,1834
3720,3735,1935
3721,3736,500
3722,3737,592
3723,3738,1148
3724,3739,963
3725,3740,531
3726,3741,307
3727,3742,383
3728,3743,1662
3729,3744,745
3730,3745,553
3731,3746,4465
3732,3747,380
3733,3748,419
3734,3749,829
3735,3750,406
3736,3751,1081
3737,3752,444
3738,3753,604
3739,3754,1273
3740,3755,323
3741,3756,833
3742,3757,778
3743,3758,684
3744,3759,2694
3745,3760,580
3746,3761,362
3747,3762,661
3748,3763,301
3749,3764,1999
3750,3765,560
3751,3766,552
3752,3767,730
3753,3768,865
3754,3769,359
3755,3770,753
3756,3771,712
3757,3772,356
3758,3773,387
3759,3774,249
3760,3775,1073
3761,3776,878
3762,3777,717
3763,3778,581
3764,3779,1876
3765,3780,1044
3766,3781,736
3767,3782,357
3768,3783,499
3769,3784,507
3770,3785,1599
3771,3786,782
3772,3787,1015
3773,3788,2304
3774,3789,224
3775,3790,403
3776,3791,1743
3777,3792,692
3778,3793,326
3779,3794,305
3780,3795,759
3781,3796,1371
3782,3797,1362
3783,3798,735
3784,3799,425
3785,3800,672
3786,3801,394
3787,3802,718
3788,3803,1000
3789,3804,202
3790,3805,481
3791,3806,1959
3792,3807,680
3793,3808,697
3794,3809,1966
3795,3810,297
3796,3811,796
3797,3812,405
3798,3813,520
3799,3814,353
3800,3815,828
3801,3816,308
3802,3817,516
3803,3818,356
3804,3819,807
3805,3820,328
3806,3821,729
3807,3822,354
3808,3823,2323
3809,3824,532
3810,3825,570
3811,3826,547
3812,3827,252
3813,3828,3193
3814,3829,412
3815,3830,314
3816,3831,270
3817,3832,669
3818,3833,5880
3819,3834,649
3820,3835,293
3821,3836,367
3822,3837,943
3823,3838,763
3824,3839,412
3825,3840,946
3826,3841,1253
3827,3842,817
3828,3843,1595
3829,3844,755
3830,3845,719
3831,3846,380
3832,3847,322
3833,3848,696
3834,3849,347
3835,3850,712
3836,3851,1459
3837,3852,2266
3838,3853,550
3839,3854,1307
3840,3855,926
3841,3856,416
3842,3857,880
3843,3858,253
3844,3859,1781
3845,3860,232
3846,3861,509
3847,3862,736
3848,3863,550
3849,3864,381
3850,3865,369
3851,3866,1202
3852,3867,675
3853,3868,1068
3854,3869,652
3855,3870,1244
3856,3871,234
3857,3872,1335
3858,3873,702
3859,3874,1312
3860,3875,590
3861,3876,711
3862,3877,646
3863,3878,386
3864,3879,355
3865,3880,358
3866,3881,278
3867,3882,1338
3868,3883,664
3869,3884,473
3870,3885,220
3871,3886,241
3872,3887,402
3873,3888,557
3874,3889,943
3875,3890,1354
3876,3891,270
3877,3892,1504
3878,3893,748
3879,3894,335
3880,3895,538
3881,3896,372
3882,3897,302
3883,3898,324
3884,3899,495
3885,3900,403
3886,3901,395
3887,3902,501
3888,3903,202
3889,3904,268
3890,3905,314
3891,3906,716
3892,3907,392
3893,3908,403
3894,3909,321
3895,3910,1625
3896,3911,383
3897,3912,2354
3898,3913,317
3899,3914,1125
3900,3915,350
3901,3916,621
3902,3917,894
3903,3918,730
3904,3919,653
3905,3920,786
3906,3921,583
3907,3922,723
3908,3923,324
3909,3924,621
3910,3925,377
3911,3926,239
3912,3927,914
3913,3928,934
3914,3929,331
3915,3930,1466
3916,3931,485
3917,3932,858
3918,3933,351
3919,3934,278
3920,3935,4031
3921,3936,533
3922,3937,366
3923,3938,468
3924,3939,599
3925,3940,737
3926,3941,1392
3927,3942,2351
3928,3943,659
3929,3944,383
3930,3945,973
3931,3946,362
3932,3947,788
3933,3948,399
3934,3949,388
3935,3950,1481
3936,3951,613
3937,3952,710
3938,3953,200
3939,3954,1667
3940,3955,282
3941,3956,326
3942,3957,522
3943,3958,382
3944,3959,1138
3945,3960,286
3946,3961,383
3947,3962,648
3948,3963,1614
3949,3964,413
3950,3965,406
3951,3966,332
3952,3967,1047
3953,3968,379
3954,3969,688
3955,3970,1285
3956,3971,583
3957,3972,734
3958,3973,357
3959,3974,705
3960,3975,2781
3961,3976,350
3962,3977,729
3963,3978,311
3964,3979,772
3965,3980,361
3966,3981,726
3967,3982,1265
3968,3983,680
3969,3984,615
3970,3985,1001
3971,3986,488
3972,3987,678
3973,3988,358
3974,3989,446
3975,3990,1692
3976,3991,745
3977,3992,311
3978,3993,2193
3979,3994,732
3980,3995,1088
3981,3996,950
3982,3997,755
3983,3998,396
3984,3999,394
3985,4000,1901
3986,4001,316
3987,4002,369
3988,4003,436
3989,4004,465
3990,4005,2013
3991,4006,1767
3992,4007,303
3993,4008,307
3994,4009,3120
3995,4010,316
3996,4011,2617
3997,4012,347
3998,4013,310
3999,4014,630
4000,4015,348
4001,4016,1746
4002,4017,371
4003,4018,948
4004,4019,878
4005,4020,502
4006,4021,517
4007,4022,298
4008,4023,441
4009,4024,353
4010,4025,209
4011,4026,1480
4012,4027,603
4013,4028,693
4014,4029,578
4015,4030,384
4016,4031,729
4017,4032,420
4018,4033,205
4019,4034,378
4020,4035,671
4021,4036,1827
4022,4037,251
4023,4038,883
4024,4039,488
4025,4040,617
4026,4041,947
4027,4042,355
4028,4043,310
4029,4044,591
4030,4045,645
4031,4046,332
4032,4047,396
4033,4048,413
4034,4049,222
4035,4050,387
4036,4051,271
4037,4052,636
4038,4053,607
4039,4054,357
4040,4055,735
4041,4056,288
4042,4057,425
4043,4058,205
4044,4059,379
4045,4060,741
4046,4061,1041
4047,4062,548
4048,4063,367
4049,4064,230
4050,4065,365
4051,4066,883
4052,4067,411
4053,4068,912
4054,4069,517
4055,4070,2812
4056,4071,580
4057,4072,872
4058,4073,395
4059,4074,424
4060,4075,493
4061,4076,1280
4062,4077,892
4063,4078,1610
4064,4079,3014
4065,4080,374
4066,4081,356
4067,4082,1356
4068,4083,352
4069,4084,332
4070,4085,2007
4071,4086,1094
4072,4087,295
4073,4088,709
4074,4089,384
4075,4090,367
4076,4091,343
4077,4092,360
4078,4093,1092
4079,4094,267
4080,4095,578
4081,4096,1272
4082,4097,574
4083,4098,1645
4084,4099,398
4085,4100,542
4086,4101,498
4087,4102,442
4088,4103,816
4089,4104,273
4090,4105,391
4091,4106,373
4092,4107,461
4093,4108,626
4094,4109,491
4095,4110,382
4096,4111,716
4097,4112,823
4098,4113,340
4099,4114,797
4100,4115,1093
4101,4116,313
4102,4117,383
4103,4118,1695
4104,4119,354
4105,4120,607
4106,4121,208
4107,4122,590
4108,4123,745
4109,4124,474
4110,4125,389
4111,4126,277
4112,4127,2164
4113,4128,351
4114,4129,740
4115,4130,375
4116,4131,309
4117,4132,351
4118,4133,1539
4119,4134,1971
4120,4135,269
4121,4136,677
4122,4137,294
4123,4138,335
4124,4139,1492
4125,4140,729
4126,4141,358
4127,4142,348
4128,4143,550
4129,4144,885
4130,4145,1561
4131,4146,357
4132,4147,465
4133,4148,1053
4134,4149,971
4135,4150,398
4136,4151,621
4137,4152,594
4138,4153,272
4139,4154,361
4140,4155,323
4141,4156,377
4142,4157,417
4143,4158,320
4144,4159,383
4145,4160,507
4146,4161,881
4147,4162,268
4148,4163,746
4149,4164,513
4150,4165,414
4151,4166,348
4152,4167,693
4153,4168,2680
4154,4169,1230
4155,4170,440
4156,4171,263
4157,4172,266
4158,4173,776
4159,4174,435
4160,4175,683
4161,4176,215
4162,4177,621
4163,4178,522
4164,4179,1000
4165,4180,386
4166,4181,738
4167,4182,1463
4168,4183,740
4169,4184,1126
4170,4185,396
4171,4186,353
4172,4187,744
4173,4188,223
4174,4189,512
4175,4190,346
4176,4191,551
4177,4192,1131
4178,4193,350
4179,4194,419
4180,4195,667
4181,4196,1916
4182,4197,382
4183,4198,236
4184,4199,895
4185,4200,393
4186,4201,590
4187,4202,546
4188,4203,286
4189,4204,1382
4190,4205,590
4191,4206,821
4192,4207,356
4193,4208,398
4194,4209,1080
4195,4210,1001
4196,4211,391
4197,4212,724
4198,4213,1379
4199,4214,269
4200,4215,956
4201,4216,522
4202,4217,393
4203,4218,678
4204,4219,305
4205,4220,759
4206,4221,396
4207,4222,2617
4208,4223,280
4209,4224,566
4210,4225,563
4211,4226,364
4212,4227,351
4213,4228,838
4214,4229,453
4215,4230,833
4216,4231,358
4217,4232,504
4218,4233,730
4219,4234,1392
4220,4235,360
4221,4236,434
4222,4237,422
4223,4238,761
4224,4239,348
4225,4240,373
4226,4241,1534
4227,4242,358
4228,4243,214
4229,4244,1040
4230,4245,242
4231,4246,541
4232,4247,882
4233,4248,549
4234,4249,692
4235,4250,601
4236,4251,2585
4237,4252,436
4238,4253,1304
4239,4254,789
4240,4255,493
4241,4256,672
4242,4257,399
4243,4258,424
4244,4259,1396
4245,4260,308
4246,4261,535
4247,4262,407
4248,4263,706
4249,4264,355
4250,4265,353
4251,4266,766
4252,4267,474
4253,4268,355
4254,4269,737
4255,4270,496
4256,4271,325
4257,4272,381
4258,4273,783
4259,4274,643
4260,4275,529
4261,4276,281
4262,4277,383
4263,4278,1300
4264,4279,202
4265,4280,1804
4266,4281,356
4267,4282,435
4268,4283,795
4269,4284,520
4270,4285,957
4271,4286,343
4272,4287,610
4273,4288,951
4274,4289,713
4275,4290,708
4276,4291,327
4277,4292,396
4278,4293,485
4279,4294,313
4280,4295,360
4281,4296,347
4282,4297,1001
4283,4298,527
4284,4299,387
4285,4300,366
4286,4301,843
4287,4302,352
4288,4303,707
4289,4304,330
4290,4305,220
4291,4306,309
4292,4307,357
4293,4308,225
4294,4309,391
4295,4310,243
4296,4311,359
4297,4312,718
4298,4313,318
4299,4314,1011
4300,4315,1307
4301,4316,383
4302,4317,350
4303,4318,2584
4304,4319,392
4305,4320,386
4306,4321,3015
4307,4322,312
4308,4323,835
4309,4324,395
4310,4325,705
4311,4326,1060
4312,4327,205
4313,4328,578
4314,4329,345
4315,4330,290
4316,4331,328
4317,4332,579
4318,4333,355
4319,4334,1383
4320,4335,356
4321,4336,398
4322,4337,394
4323,4338,313
4324,4339,352
4325,4340,497
4326,4341,355
4327,4342,1236
4328,4343,744
4329,4344,587
4330,4345,346
4331,4346,365
4332,4347,507
4333,4348,743
4334,4349,1122
4335,4350,566
4336,4351,561
4337,4352,401
4338,4353,454
4339,4354,752
4340,4355,591
4341,4356,734
4342,4357,540
4343,4358,209
4344,4359,773
4345,4360,338
4346,4361,232
4347,4362,343
4348,4363,297
4349,4364,7826
4350,4365,264
4351,4366,361
4352,4367,337
4353,4368,765
4354,4369,278
4355,4370,1890
4356,4371,284
4357,4372,397
4358,4373,268
4359,4374,2023
4360,4375,337
4361,4376,510
4362,4377,342
4363,4378,398
4364,4379,297
4365,4380,206
4366,4381,1624
4367,4382,438
4368,4383,967
4369,4384,801
4370,4385,1914
4371,4386,701
4372,4387,317
4373,4388,298
4374,4389,235
4375,4390,476
4376,4391,253
4377,4392,357
4378,4393,372
4379,4394,290
4380,4395,479
4381,4396,945
4382,4397,374
4383,4399,492
4384,4400,213
4385,4401,346
4386,4402,1482
4387,4403,566
4388,4404,376
4389,4405,362
4390,4406,362
4391,4407,541
4392,4408,221
4393,4409,521
4394,4410,551
4395,4411,366
4396,4412,1072
4397,4413,1018
4398,4414,350
4399,4415,371
4400,4416,355
4401,4417,576
4402,4418,269
4403,4419,348
4404,4420,391
4405,4421,519
4406,4422,295
4407,4423,253
4408,4424,528
4409,4425,783
4410,4426,333
4411,4427,528
4412,4428,334
4413,4429,916
4414,4430,367
4415,4431,233
4416,4432,350
4417,4433,476
4418,4434,381
4419,4435,359
4420,4436,628
4421,4437,254
4422,4438,409
4423,4439,319
4424,4440,852
4425,4441,1190
4426,4442,595
4427,4443,1024
4428,4444,377
4429,4445,401
4430,4446,329
4431,4447,371
4432,4448,288
4433,4449,383
4434,4450,224
4435,4451,430
4436,4452,630
4437,4453,868
4438,4454,2368
4439,4455,717
4440,4456,1062
4441,4457,1165
4442,4458,525
4443,4459,485
4444,4460,628
4445,4461,278
4446,4462,479
4447,4463,590
4448,4464,750
4449,4465,559
4450,4466,623
4451,4467,378
4452,4468,554
4453,4469,334
4454,4470,252
4455,4471,378
4456,4472,263
4457,4473,201
4458,4474,364
4459,4475,210
4460,4476,362
4461,4477,498
4462,4478,218
4463,4479,448
4464,4480,2352
4465,4481,752
4466,4482,503
4467,4483,647
4468,4484,217
4469,4485,561
4470,4486,338
4471,4487,597
4472,4488,761
4473,4489,3723
4474,4490,522
4475,4491,281
4476,4492,747
4477,4493,350
4478,4494,329
4479,4495,349
4480,4496,520
4481,4497,422
4482,4498,562
4483,4499,741
4484,4500,381
4485,4501,351
4486,4502,290
4487,4503,331
4488,4504,211
4489,4505,316
4490,4506,216
4491,4507,363
4492,4508,236
4493,4509,942
4494,4510,814
4495,4511,734
4496,4512,593
4497,4513,745
4498,4514,377
4499,4515,1088
4500,4516,287
4501,4517,231
4502,4518,550
4503,4519,540
4504,4520,359
4505,4521,732
4506,4522,532
4507,4523,301
4508,4524,591
4509,4525,536
4510,4526,206
4511,4527,520
4512,4528,400
4513,4529,349
4514,4530,307
4515,4531,384
4516,4532,547
4517,4533,365
4518,4534,578
4519,4535,537
4520,4536,1648
4521,4537,963
4522,4538,671
4523,4539,382
4524,4540,295
4525,4541,400
4526,4542,747
4527,4543,1081
4528,4544,402
4529,4545,636
4530,4546,555
4531,4547,369
4532,4548,540
4533,4549,340
4534,4550,391
4535,4551,363
4536,4552,355
4537,4553,558
4538,4554,339
4539,4555,377
4540,4556,801
4541,4557,392
4542,4558,331
4543,4559,384
4544,4560,426
4545,4561,348
4546,4562,308
4547,4563,536
4548,4564,676
4549,4565,758
4550,4566,271
4551,4567,798
4552,4568,343
4553,4569,468
4554,4570,754
4555,4571,487
4556,4572,227
4557,4573,404
4558,4574,565
4559,4575,764
4560,4576,427
4561,4577,1088
4562,4578,2561
4563,4579,552
4564,4580,434
4565,4581,1444
4566,4582,216
4567,4583,497
4568,4584,480
4569,4585,986
4570,4586,700
4571,4587,346
4572,4588,399
4573,4589,355
4574,4590,729
4575,4591,259
4576,4592,942
4577,4593,739
4578,4594,207
4579,4595,486
4580,4596,692
4581,4597,366
4582,4598,576
4583,4599,1137
4584,4600,337
4585,4601,236
4586,4602,852
4587,4603,551
4588,4604,316
4589,4605,839
4590,4606,373
4591,4607,749
4592,4608,319
4593,4609,388
4594,4610,381
4595,4611,273
4596,4612,1091
4597,4613,360
4598,4614,746
4599,4615,732
4600,4616,332
4601,4617,549
4602,4618,394
4603,4619,365
4604,4620,369
4605,4621,572
4606,4622,371
4607,4623,357
4608,4624,202
4609,4625,577
4610,4626,1536
4611,4627,455
4612,4628,648
4613,4629,342
4614,4630,350
4615,4631,356
4616,4632,1353
4617,4633,316
4618,4634,331
4619,4635,312
4620,4636,639
4621,4637,550
4622,4638,204
4623,4639,278
4624,4640,382
4625,4641,872
4626,4642,355
4627,4643,346
4628,4644,683
4629,4645,403
4630,4646,363
4631,4647,762
4632,4648,347
4633,4649,346
4634,4650,248
4635,4651,585
4636,4652,682
4637,4653,358
4638,4654,347
4639,4655,213
4640,4656,828
4641,4657,359
4642,4658,379
4643,4659,209
4644,4660,200
4645,4661,452
4646,4662,780
4647,4663,514
4648,4664,636
4649,4665,386
4650,4666,460
4651,4667,373
4652,4668,592
4653,4669,365
4654,4670,599
4655,4671,406
4656,4672,333
4657,4673,336
4658,4674,440
